age,bmi,children,sex,smoker,region,expenses
53,26.6,0,female,no,northwest,10355.64
53,21.4,1,male,no,southwest,10065.41
18,37.3,0,male,no,southeast,1141.45
60,24.0,0,female,no,northwest,13012.21
45,33.7,1,male,no,southwest,7445.92
43,30.1,3,male,no,northwest,8410.05
40,32.3,2,male,no,northwest,6986.7
59,36.8,1,female,yes,northeast,47896.79
37,29.8,2,male,no,northeast,6406.41
33,22.1,1,female,no,northeast,5354.07
19,28.3,0,female,yes,northwest,17468.98
33,19.1,2,female,yes,northeast,16776.3
19,27.6,0,male,no,southwest,1252.41
45,36.3,2,female,no,southeast,8527.53
33,27.5,2,male,no,northwest,5261.47
20,32.4,1,male,no,northwest,2362.23
46,30.8,3,female,no,southwest,9414.92
50,31.6,2,female,no,southwest,10118.42
57,38.0,2,female,no,southwest,12646.21
47,33.3,0,female,no,northeast,20878.78
25,30.3,0,female,no,southwest,2632.99
38,28.0,1,male,no,northeast,6067.13
55,30.5,0,female,no,southwest,10704.47
64,24.7,1,male,no,northwest,30166.62
64,40.5,0,male,no,southeast,13831.12
53,28.9,0,male,no,northwest,9869.81
23,34.9,0,female,no,northeast,2899.49
43,26.9,0,female,yes,northwest,21774.32
42,32.9,0,female,no,northeast,7050.02
26,29.6,4,female,no,northeast,24671.66
25,23.5,0,female,no,northeast,3206.49
40,25.5,1,female,no,northeast,7077.19
38,28.3,1,male,no,southeast,5484.47
45,20.4,3,male,no,southeast,8605.36
29,31.2,0,female,no,northeast,3943.6
41,32.2,1,female,no,southwest,6775.96
29,32.1,2,female,no,northwest,4922.92
36,28.0,1,male,yes,northeast,20773.63
36,25.8,0,female,no,northwest,5266.37
28,26.5,2,female,no,southeast,4340.44
18,30.1,0,male,no,southeast,1131.51
38,16.8,2,male,no,northeast,6640.54
31,36.6,2,female,no,southeast,4949.76
20,29.7,0,male,no,northwest,1769.53
38,19.3,0,male,yes,southwest,15820.7
24,39.5,0,female,no,southeast,2480.98
36,29.7,0,male,no,southeast,4399.73
64,34.5,0,male,no,southwest,13822.8
60,18.3,0,female,no,northeast,13204.29
49,31.4,1,male,no,northeast,9290.14
63,31.8,0,female,no,southwest,13880.95
48,41.2,4,female,no,northwest,11033.66
51,40.7,0,female,no,northeast,9875.68
18,17.3,2,male,yes,northeast,12829.46
29,29.6,1,female,no,southeast,3947.41
41,31.6,1,female,no,northeast,7358.18
57,23.2,0,female,no,northwest,11830.61
27,45.9,2,male,no,southwest,3693.43
59,26.7,3,female,no,northwest,14382.71
40,25.0,2,male,no,southeast,6593.51
28,22.5,2,male,no,northeast,4428.89
47,27.8,0,female,yes,southeast,23065.42
58,32.4,1,female,no,northeast,13019.16
58,38.0,0,male,no,southwest,11365.95
52,30.9,0,female,no,northeast,23045.57
22,28.9,0,male,no,northeast,2250.84
44,29.7,2,male,no,northeast,32108.66
28,25.8,0,female,no,southwest,3161.45
21,25.7,2,male,no,northeast,3279.87
41,40.3,0,male,no,southeast,5709.16
63,33.7,3,male,no,southeast,15161.53
64,26.4,0,male,no,northeast,14394.56
47,36.2,0,male,yes,southeast,41676.08
19,32.1,0,female,no,northwest,2130.68
41,35.8,1,male,yes,southeast,40273.65
26,23.7,2,male,no,southwest,3484.33
42,29.5,2,female,no,southeast,7640.31
25,33.3,2,male,yes,southeast,36124.57
32,27.8,1,male,no,northwest,4454.4
19,25.7,1,female,no,northwest,2710.83
23,39.3,2,female,no,southeast,3500.61
55,37.1,0,female,no,southwest,10713.64
26,17.7,0,male,no,northwest,2680.95
18,40.2,0,female,no,northeast,2217.47
50,23.5,2,female,no,southeast,10107.22
43,46.2,0,female,yes,southeast,45863.21
19,26.0,1,male,yes,northwest,16450.89
40,30.9,4,male,no,northwest,8162.72
54,31.2,0,female,no,southeast,10338.93
63,27.7,0,female,yes,northeast,29523.17
49,42.7,2,female,no,southeast,9800.89
25,27.6,0,male,no,northwest,2523.17
28,28.9,1,female,no,northeast,4337.74
49,23.2,2,female,no,northwest,10156.78
46,48.1,2,female,no,northeast,9432.93
46,30.2,2,female,no,southwest,8825.09
34,33.7,1,female,no,southwest,5012.47
44,32.0,2,male,no,northwest,8116.27
28,36.4,1,male,yes,southwest,51194.56
45,22.9,2,male,yes,northwest,21098.55
39,24.5,2,male,no,northwest,6710.19
48,24.4,0,male,yes,southeast,21223.68
52,27.4,0,male,yes,northwest,24393.62
53,41.5,0,male,no,southeast,9504.31
41,33.6,0,male,no,southeast,5699.84
50,27.4,0,female,no,northeast,25656.58
38,21.1,3,male,no,southeast,6652.53
49,32.3,3,male,no,northwest,10269.46
62,30.5,2,female,no,northwest,15019.76
22,30.4,0,female,no,northeast,2741.95
37,46.5,3,male,no,southeast,6435.62
58,30.3,0,male,no,northeast,11938.26
41,34.2,2,male,no,northwest,7261.74
32,24.6,0,female,yes,southwest,17496.31
19,30.0,0,female,yes,northwest,33307.55
42,28.3,3,male,yes,northwest,32787.46
48,36.7,1,male,no,northwest,28468.92
53,38.1,3,female,no,southeast,20463.0
61,43.4,0,male,no,southwest,12574.05
29,26.0,0,female,no,northwest,3736.46
33,39.8,1,female,no,southeast,4795.66
57,20.1,1,female,no,southwest,12032.33
36,34.4,0,male,yes,southeast,37742.58
62,30.9,3,male,yes,northwest,46718.16
46,33.3,1,male,no,northeast,8334.46
47,36.1,1,male,yes,southeast,42211.14
19,34.9,0,male,yes,southwest,34828.65
43,25.3,1,female,yes,northeast,21771.34
45,25.2,2,female,no,northeast,9095.07
57,40.9,0,male,no,northeast,11566.3
20,33.3,0,female,no,southwest,1880.49
20,28.8,0,female,no,northeast,2457.21
26,27.1,0,male,yes,southeast,17043.34
49,27.1,1,female,no,southwest,26140.36
50,26.4,0,male,no,northwest,8827.21
21,26.4,1,female,no,southwest,2597.78
25,26.2,0,male,no,northeast,2721.32
50,28.2,3,female,no,southeast,10702.64
51,39.7,1,male,no,southwest,9391.35
25,41.3,0,female,no,northeast,17878.9
27,31.4,0,female,yes,southwest,34838.87
63,27.0,0,female,yes,northwest,28950.47
18,33.9,0,female,no,southeast,11482.63
18,23.1,0,male,no,northeast,1704.7
58,33.0,0,female,no,northeast,12430.95
29,21.9,0,female,yes,northeast,16115.3
39,41.8,0,female,no,southeast,5662.23
55,35.2,1,male,no,northeast,11394.07
34,27.5,1,female,no,southwest,5003.85
20,22.0,1,male,no,southwest,1964.78
61,21.1,0,female,no,northwest,13415.04
20,27.9,0,male,no,northeast,1967.02
30,38.8,1,male,no,southeast,18963.17
49,36.9,0,male,no,southeast,8125.78
26,28.8,0,female,no,northeast,3385.4
27,34.8,1,female,no,southwest,3578.0
36,29.9,0,female,no,southeast,4889.04
20,24.4,0,female,yes,southeast,26125.67
19,19.8,0,male,no,southwest,1241.57
18,25.5,0,male,no,northeast,1708.0
54,35.8,3,female,no,northwest,12495.29
19,32.5,0,female,yes,northwest,36898.73
43,20.1,2,male,yes,southeast,18767.74
22,33.8,0,male,no,southeast,1674.63
22,36.0,0,female,no,southwest,2166.73
48,28.9,1,female,no,northwest,9249.5
42,35.8,2,male,no,southwest,7160.09
47,28.2,4,male,no,northeast,10407.09
63,35.2,1,female,no,southeast,14474.68
28,38.1,0,male,no,southeast,2689.5
64,39.2,1,male,no,southeast,14418.28
45,31.8,0,female,no,southeast,17929.3
58,28.6,0,male,no,northwest,11735.88
36,26.2,0,female,no,southwest,4883.87
36,29.9,1,female,no,southeast,5478.04
28,27.5,2,female,no,southwest,20177.67
30,31.4,1,male,no,southwest,3659.35
54,31.6,0,male,no,southwest,9850.43
52,24.1,1,female,yes,northwest,23887.66
38,20.0,1,male,no,northwest,5855.9
42,33.2,1,female,no,northeast,7639.42
40,29.4,1,male,no,northwest,6393.6
22,52.6,1,male,yes,southeast,44501.4
33,35.5,0,female,yes,northwest,55135.4
31,25.9,1,male,no,northwest,4239.89
18,31.4,0,female,no,southeast,1622.19
59,27.5,0,female,no,southwest,12233.83
19,44.9,0,male,yes,southeast,39722.75
55,26.8,1,female,no,southwest,35160.13
23,23.8,0,male,no,northeast,2395.17
19,32.9,0,female,no,southwest,1748.77
19,30.6,0,male,no,northwest,1639.56
19,30.3,0,male,yes,southeast,32548.34
18,26.2,2,male,no,southeast,2304.0
20,35.6,3,male,yes,northwest,37465.34
53,34.1,0,male,yes,northeast,43254.42
37,47.6,2,female,yes,southwest,46113.51
35,27.7,2,male,yes,northeast,20984.09
31,38.4,2,male,no,southeast,4463.21
25,30.2,0,female,yes,southwest,33900.65
54,31.9,1,female,no,southeast,10928.85
47,26.6,2,female,no,northeast,9715.84
58,33.4,0,female,no,northwest,12231.61
34,29.3,3,female,no,southeast,6184.3
45,40.0,3,female,no,northeast,9704.67
39,18.3,5,female,yes,southwest,19023.26
23,37.1,3,male,no,southwest,3597.6
46,24.8,3,male,no,northeast,9500.57
50,37.1,1,male,no,southeast,9048.03
24,27.6,0,female,no,southwest,18955.22
61,25.1,0,female,no,southeast,24513.09
57,30.5,0,female,no,northwest,11840.78
63,37.7,0,female,yes,southwest,48824.45
26,20.8,0,male,no,southwest,2302.3
34,25.3,1,male,no,northwest,4894.75
61,28.2,0,female,no,southwest,13041.92
18,21.8,2,male,no,southeast,11884.05
40,33.0,3,female,no,southeast,7682.67
19,33.1,0,male,no,southwest,23082.96
30,43.1,2,female,no,southeast,4753.64
22,39.5,0,male,no,southwest,1682.6
23,23.2,2,female,no,northwest,14426.07
58,27.2,0,female,no,northwest,12222.9
34,30.2,1,female,yes,northwest,43943.88
51,22.4,0,male,no,northeast,9361.33
46,33.4,1,male,no,northeast,8334.59
52,31.7,2,female,no,northwest,11187.66
56,25.9,0,male,no,northeast,11165.42
33,38.9,3,female,no,southwest,5972.38
52,36.7,0,male,no,southwest,9144.57
28,35.4,0,male,no,northeast,3268.85
27,23.2,1,female,no,southeast,3561.89
54,32.7,0,female,no,northeast,10923.93
33,24.8,0,male,yes,northeast,17904.53
53,26.4,2,male,no,northeast,11244.38
43,27.8,0,male,yes,southwest,37829.72
23,24.5,0,male,no,northeast,2396.1
59,24.7,0,male,no,northeast,12323.94
34,37.3,2,female,no,northwest,5989.52
56,39.8,0,female,no,southeast,11090.72
52,38.6,2,male,no,southwest,10325.21
23,42.8,1,female,yes,northeast,40904.2
21,17.4,1,female,no,southwest,2585.27
50,46.1,1,female,no,southeast,9549.57
56,33.7,4,male,no,southeast,12949.16
44,36.5,0,female,no,northeast,12797.21
63,33.1,0,male,no,southwest,13393.76
34,30.8,0,male,yes,southwest,35491.64
33,33.5,0,female,yes,southwest,37079.37
58,25.2,0,male,no,northeast,11931.13
33,28.3,1,female,no,southeast,4779.6
56,33.6,0,male,yes,northwest,43921.18
46,20.0,2,female,no,northwest,9193.84
32,33.8,1,male,no,northwest,4462.72
42,26.1,2,male,no,northeast,7729.65
53,28.1,3,female,no,southwest,11741.73
38,40.2,0,female,no,southeast,5400.98
30,22.9,1,female,no,northeast,4719.52
28,33.0,3,male,no,southeast,4449.46
30,21.9,1,female,no,northeast,4718.2
43,24.7,2,female,yes,northwest,21880.82
49,31.9,5,female,no,southwest,11552.9
42,25.0,2,female,no,northwest,8017.06
31,30.5,3,female,no,northeast,6113.23
23,32.6,0,male,no,southeast,1824.29
20,31.8,2,female,no,southeast,3056.39
29,27.9,1,female,yes,southeast,19107.78
64,39.7,0,female,no,southwest,14319.03
31,25.7,0,female,no,southeast,3756.62
24,29.8,0,male,yes,northeast,18648.42
37,34.2,1,male,yes,northeast,39047.29
22,37.1,2,male,yes,southeast,37484.45
44,21.9,3,male,no,northeast,8891.14
35,34.1,3,female,yes,northwest,39983.43
45,27.6,1,female,no,northwest,28340.19
27,30.6,1,female,no,northeast,16796.41
62,26.3,0,female,yes,southeast,27808.73
33,33.4,5,male,no,southeast,6653.79
61,31.2,0,female,no,northwest,13429.04
18,36.9,0,female,no,southeast,1629.83
26,33.9,1,male,no,northwest,3292.53
18,30.0,1,male,no,southeast,1720.35
40,28.7,3,female,no,northwest,8059.68
21,34.9,0,female,no,southeast,2020.55
59,27.5,1,male,no,southwest,12333.83
37,34.8,2,female,yes,southwest,39836.52
50,27.1,1,female,no,northeast,10106.13
20,22.4,0,female,yes,northwest,14711.74
30,30.9,3,female,no,southwest,5325.65
47,32.3,1,male,no,southwest,8062.76
48,29.7,0,male,no,southeast,7789.64
18,21.6,0,male,yes,northeast,13747.87
38,27.6,0,female,no,southwest,5383.54
26,22.6,0,female,no,northwest,3176.82
22,25.2,0,male,no,northwest,2045.69
18,16.0,0,male,no,northeast,1694.8
57,42.1,1,male,yes,southeast,48675.52
41,21.8,1,female,no,northeast,13725.47
59,37.4,0,male,no,southwest,21797.0
29,32.1,2,male,no,northwest,4433.92
28,33.8,0,male,no,northwest,19673.34
51,36.7,2,female,no,northwest,10848.13
20,33.3,0,male,no,southeast,1391.53
21,21.9,1,female,yes,northeast,15359.1
42,26.6,0,female,yes,northwest,21348.71
18,35.6,0,female,no,northeast,2211.13
40,25.1,0,male,no,southeast,5415.66
36,30.0,0,female,no,northwest,5272.18
19,28.6,5,female,no,southwest,4687.8
19,29.1,0,male,yes,northwest,17352.68
19,20.7,0,male,no,southwest,1242.82
18,38.3,0,female,no,southeast,14133.04
37,29.6,0,male,no,northwest,5028.15
54,21.5,3,female,no,northwest,12475.35
39,26.4,0,male,yes,northeast,20149.32
23,18.7,0,male,no,northwest,21595.38
29,25.6,4,female,no,southwest,5708.87
18,23.0,0,male,no,northeast,1704.57
54,21.0,2,male,no,southeast,11013.71
54,25.1,3,male,yes,southwest,25382.3
18,33.2,0,female,no,northeast,2207.7
19,29.8,0,female,no,southwest,1744.47
39,23.3,3,female,no,northeast,7986.48
50,33.7,4,female,no,southwest,11299.34
34,33.3,1,female,no,northeast,5594.85
37,38.4,0,female,yes,southeast,40419.02
47,28.2,3,male,yes,northwest,24915.22
31,39.5,1,male,no,southeast,3875.73
22,26.8,0,male,no,southeast,1665.0
31,27.6,2,male,no,northeast,5031.27
37,17.3,2,female,no,northeast,6877.98
63,30.8,0,male,no,southwest,13390.56
58,34.9,0,male,no,northeast,11944.59
18,28.2,0,female,no,northeast,2200.83
37,34.1,1,female,no,northwest,6112.35
50,30.1,1,female,no,northwest,9910.36
60,30.5,0,female,no,southwest,12638.2
39,45.4,2,male,no,southeast,6356.27
42,24.6,2,male,yes,northeast,21259.38
48,22.8,0,female,no,southwest,8269.04
63,21.7,1,male,no,northwest,14349.85
57,43.7,1,male,no,southwest,11576.13
35,34.2,1,female,no,southeast,5245.23
41,30.6,2,male,no,northwest,7256.72
18,25.1,0,female,no,northeast,2196.47
19,34.4,0,male,no,southwest,1261.86
54,40.6,3,male,yes,northeast,48549.18
18,23.2,0,male,no,southeast,1121.87
51,39.5,1,female,no,southwest,9880.07
30,27.6,1,male,no,northeast,4237.13
35,28.9,3,male,no,southwest,5926.85
41,31.0,0,female,no,southeast,6185.32
25,28.6,0,female,no,northeast,3213.62
64,23.8,0,male,yes,southeast,26926.51
30,20.0,3,female,no,northwest,5693.43
40,23.4,3,female,no,northeast,8252.28
18,27.3,3,female,yes,southeast,18223.45
58,36.1,0,male,no,southeast,11363.28
25,26.8,2,female,no,northwest,4189.11
19,18.6,0,female,no,southwest,1728.9
25,34.5,0,female,no,northwest,3021.81
18,23.8,0,male,no,northeast,1705.62
48,37.3,2,male,no,southeast,8978.19
30,31.6,3,male,no,southeast,4837.58
52,30.8,1,female,no,northeast,10797.34
31,31.1,3,male,no,northwest,5425.02
61,23.7,0,male,no,northeast,13129.6
31,25.8,2,female,no,southwest,4934.71
59,31.4,0,female,no,northwest,12622.18
41,36.1,1,female,no,southeast,6781.35
22,28.8,0,female,no,southeast,2156.75
29,25.9,0,female,no,southwest,3353.28
46,35.5,0,female,yes,northeast,42111.66
19,28.4,1,female,no,southwest,2331.52
34,31.9,1,female,yes,northeast,37701.88
28,24.0,3,male,yes,southeast,17663.14
32,28.9,1,male,yes,southeast,19719.69
45,24.3,5,male,no,southeast,9788.87
41,30.8,3,male,yes,northeast,39597.41
23,32.7,3,male,no,southwest,3591.48
61,29.9,3,female,yes,southeast,30942.19
28,23.8,2,male,no,southwest,3847.67
50,32.3,2,male,no,southwest,9630.4
34,23.6,0,female,no,northeast,4992.38
33,26.7,0,female,no,northwest,4571.41
28,37.1,1,male,no,southwest,3277.16
44,27.4,2,male,no,southwest,7726.85
21,23.8,2,male,no,northwest,3077.1
18,21.5,0,male,no,northeast,1702.46
26,29.9,1,female,no,southeast,3392.98
62,32.7,0,female,no,northwest,13844.8
32,41.1,0,female,no,southwest,3989.84
46,42.4,3,male,yes,southeast,46151.12
38,31.0,1,male,no,southwest,5488.26
61,33.3,4,female,no,southeast,36580.28
31,28.6,1,male,no,northwest,4243.59
54,33.6,1,male,no,northwest,10825.25
19,25.6,1,male,no,northwest,2221.56
24,26.6,0,female,no,northeast,3046.06
53,23.8,2,female,no,northeast,11729.68
19,20.6,2,male,no,northwest,2803.7
46,27.7,1,female,no,southeast,8232.64
51,30.0,1,male,no,southeast,9377.9
45,21.4,0,male,no,northwest,7222.79
36,41.9,3,male,yes,northeast,43753.34
61,44.0,0,female,no,southwest,13063.88
35,27.6,1,male,no,southeast,4747.05
18,23.3,1,male,no,southeast,1711.03
25,33.7,4,male,no,southeast,4504.66
52,30.2,1,male,no,southwest,9724.53
52,25.3,2,female,yes,southeast,24667.42
47,29.8,3,male,yes,southwest,25309.49
50,25.4,2,male,no,northwest,30284.64
52,37.4,0,female,no,southwest,9634.54
36,33.4,2,male,yes,southwest,38415.47
63,32.2,2,female,yes,southwest,47305.31
36,22.1,3,female,no,northeast,7228.22
20,31.5,0,female,no,southeast,1877.93
30,33.3,1,female,no,southeast,4151.03
56,26.6,1,female,no,northwest,12044.34
39,26.2,1,male,no,northwest,6123.57
51,23.2,1,male,yes,southeast,22218.11
63,28.3,0,male,no,northwest,13770.1
44,25.8,1,female,no,southwest,7624.63
49,34.8,1,female,no,northwest,9583.89
18,31.7,2,male,yes,southeast,34303.17
62,29.9,0,female,no,southeast,13457.96
23,41.9,0,male,no,southeast,1837.28
55,37.3,0,male,no,southwest,20630.28
22,30.4,0,female,yes,northwest,33907.55
59,25.5,0,male,no,northwest,12124.99
50,44.7,0,female,no,northeast,9541.7
40,36.2,0,female,no,southeast,5920.1
44,27.6,0,female,no,northwest,7421.19
29,29.6,1,male,no,northeast,20277.81
18,38.7,2,female,no,northeast,3393.36
22,24.3,0,female,no,southwest,2150.47
58,28.2,0,female,no,northwest,12224.35
47,25.4,1,male,yes,southeast,21978.68
42,24.6,0,male,yes,southeast,19515.54
48,27.9,4,female,no,northwest,11015.17
19,23.4,2,female,no,southwest,2913.57
21,21.9,2,female,no,southeast,3180.51
34,35.8,0,male,no,northwest,4320.41
56,32.3,3,female,no,northeast,13430.27
19,27.9,0,female,yes,southwest,16884.92
61,39.1,2,female,no,southwest,14235.07
36,33.8,1,male,no,northwest,5377.46
18,26.3,0,female,no,northeast,2198.19
18,40.3,0,female,no,southeast,1634.57
46,23.7,1,female,yes,northwest,21677.28
39,34.3,5,female,no,southeast,8596.83
25,26.8,3,male,no,southwest,3906.13
37,29.8,0,male,no,southwest,20420.6
21,35.7,0,female,no,northwest,2404.73
54,30.0,0,male,no,northwest,24476.48
43,35.6,1,female,no,southeast,7345.73
18,36.9,0,female,yes,southeast,36149.48
56,36.1,3,male,no,southwest,12363.55
44,20.2,1,female,yes,northeast,19594.81
44,34.3,1,male,no,southeast,7147.47
26,27.3,3,male,no,northeast,4661.29
60,24.3,0,male,no,northwest,12523.6
18,39.8,0,female,no,southeast,1633.96
18,33.8,1,male,no,southeast,1725.55
24,35.9,0,male,no,southeast,1986.93
20,21.8,0,female,yes,southwest,20167.34
43,38.1,2,male,yes,southeast,42560.43
26,29.2,1,male,no,southeast,2902.91
42,37.2,2,male,no,southeast,7162.01
59,29.8,3,male,yes,northeast,30184.94
55,30.7,0,male,yes,northeast,42303.69
52,32.2,3,male,no,northeast,11488.32
39,24.2,5,female,no,northwest,8965.8
50,31.8,0,male,yes,northeast,41097.16
27,30.4,3,female,no,northwest,18804.75
61,35.9,0,female,no,northeast,13635.64
46,28.9,2,female,no,southwest,8823.28
57,31.8,0,female,no,northwest,11842.62
24,30.2,3,female,no,northwest,4618.08
53,35.9,2,female,no,southwest,11163.57
34,34.7,0,male,no,northeast,4518.83
52,23.2,0,female,no,northeast,10197.77
31,29.1,0,female,no,southwest,3761.29
52,26.4,3,male,no,southeast,25992.82
60,38.1,0,female,no,southeast,12648.7
62,21.4,0,male,no,southwest,12957.12
55,27.0,0,female,no,northwest,11082.58
25,25.7,0,male,no,southeast,2137.65
25,25.8,1,male,no,northeast,3309.79
30,23.7,3,female,yes,northwest,18765.88
22,31.7,0,male,no,northeast,2254.8
59,34.8,2,female,no,southwest,36910.61
22,20.2,0,female,no,northwest,2527.82
53,39.6,1,female,no,southeast,10579.71
45,39.8,0,male,no,northeast,7448.4
46,30.5,3,male,yes,northwest,40720.55
49,27.2,0,female,no,southeast,8601.33
23,26.5,0,male,no,southeast,1815.88
61,36.3,1,male,yes,southwest,47403.88
24,34.0,0,female,no,southeast,2473.33
23,28.0,0,female,no,southwest,13126.68
54,24.0,0,male,no,northeast,10422.92
58,33.1,0,female,no,southwest,11848.14
63,23.1,0,female,no,northeast,14451.84
29,31.7,2,male,no,northwest,4433.39
27,42.1,0,male,yes,southeast,39611.76
29,34.4,0,male,yes,southwest,36197.7
22,37.6,1,male,yes,southeast,37165.16
42,24.9,0,male,no,southeast,5966.89
34,32.8,1,male,no,southwest,14358.36
62,32.1,0,male,no,northeast,13555.0
18,39.2,0,female,no,southeast,1633.04
50,27.5,1,male,no,northeast,9617.66
33,18.5,1,female,no,southwest,4766.02
31,25.9,3,male,yes,southwest,19199.94
60,28.7,1,female,no,southwest,13224.69
58,23.3,0,male,no,southwest,11345.52
43,26.7,2,female,yes,southwest,22478.6
25,25.0,2,male,no,northeast,23241.47
56,25.7,0,female,no,northwest,11454.02
57,22.2,0,female,no,northeast,12029.29
34,34.2,0,male,no,southeast,3935.18
22,34.8,3,male,no,southwest,3443.06
50,34.2,2,male,yes,southwest,42856.84
51,34.1,0,female,no,southeast,9283.56
35,38.6,1,male,no,southwest,4762.33
52,32.8,3,male,no,northwest,11289.11
38,37.7,0,female,no,southeast,5397.62
45,30.9,2,female,no,southwest,8520.03
49,41.5,4,female,no,southeast,10977.21
29,24.6,2,female,no,southwest,4529.48
51,37.7,1,female,no,southeast,9877.61
48,29.6,0,male,no,southwest,21232.18
19,35.4,0,male,no,southwest,1263.25
26,17.2,2,female,yes,northeast,14455.64
49,22.5,0,male,no,northeast,8688.86
37,24.3,2,male,no,northwest,6198.75
50,27.6,1,female,yes,southwest,24520.26
60,27.6,0,female,no,northeast,13217.09
62,25.0,0,female,no,southwest,13451.12
35,34.8,1,female,no,southwest,5246.05
36,28.6,3,male,no,northwest,6548.2
39,34.1,3,female,no,southwest,7418.52
21,31.1,0,male,no,southwest,1526.31
23,31.7,3,male,yes,northeast,36189.1
29,33.3,2,male,no,northwest,19442.35
54,47.4,0,female,yes,southeast,63770.43
19,22.5,0,female,no,northwest,2117.34
38,28.0,3,female,no,southwest,7151.09
56,40.3,0,male,no,southwest,10602.39
46,26.6,1,male,no,southeast,7742.11
53,33.3,0,female,no,northeast,10564.88
26,31.1,0,male,no,northwest,2699.57
18,34.1,0,male,no,southeast,1137.01
59,41.1,1,male,yes,southeast,48970.25
58,49.1,0,male,no,southeast,11381.33
56,22.1,0,male,no,southwest,10577.09
33,24.3,0,female,no,southeast,4185.1
35,30.5,1,male,no,southwest,4751.07
28,37.6,1,female,no,southeast,3766.88
53,28.6,3,male,no,southwest,11253.42
20,26.8,1,female,yes,southeast,17085.27
29,38.9,1,male,no,southeast,3471.41
20,30.1,5,male,no,northeast,4915.06
43,23.2,0,male,no,southwest,6250.44
41,33.2,3,female,no,northeast,8538.29
18,30.1,0,female,no,northeast,21344.85
57,34.3,2,female,no,northeast,13224.06
49,22.6,1,female,no,northwest,9566.99
50,44.8,1,male,no,southeast,9058.73
44,30.7,2,male,no,southeast,7731.43
56,33.8,2,female,no,northwest,12643.38
27,18.0,2,female,yes,northeast,15006.58
64,39.1,3,female,no,southeast,16085.13
31,28.5,5,male,no,northeast,6799.46
57,40.3,0,male,no,northeast,20709.02
57,18.3,0,male,no,northeast,11534.87
33,35.8,2,male,no,southeast,4890.0
50,32.1,2,male,no,northeast,25333.33
45,27.5,3,male,no,southwest,8615.3
31,36.3,2,male,yes,southwest,38711.0
28,26.3,3,female,no,northwest,5312.17
30,44.2,2,male,no,southeast,4266.17
60,39.9,0,male,yes,southwest,48173.36
38,28.9,1,female,no,southeast,5974.38
18,25.2,0,male,yes,northeast,15518.18
48,35.9,1,female,no,northeast,26392.26
48,27.3,1,female,no,northeast,9447.25
64,38.2,0,male,no,northeast,14410.93
45,23.6,2,male,no,northeast,8603.82
27,20.0,3,female,yes,northwest,16420.49
46,32.3,2,female,no,northeast,9411.01
48,28.0,1,male,yes,southwest,23568.27
28,29.3,2,male,no,northeast,4438.26
18,20.8,0,female,no,southeast,1607.51
63,21.7,0,female,no,northeast,14449.85
64,33.0,0,female,no,northwest,14692.67
61,35.9,0,male,yes,southeast,46599.11
40,29.6,0,female,no,southwest,5910.94
60,31.4,3,male,yes,northwest,46130.53
52,31.2,0,female,no,southwest,9625.92
20,31.1,2,male,no,southeast,2566.47
58,41.9,0,female,no,southeast,24227.34
33,35.2,0,male,no,northeast,12404.88
18,31.1,0,female,no,southeast,1621.88
53,26.7,2,female,no,southwest,11150.78
42,36.0,2,male,no,southeast,7160.33
60,25.8,0,female,no,northwest,28923.14
55,32.7,1,male,no,southeast,10807.49
22,35.6,0,male,yes,southwest,35585.58
19,27.9,3,female,no,northwest,18838.7
47,36.2,1,male,no,southwest,8068.19
32,31.5,1,male,no,southwest,4076.5
44,27.5,1,female,no,southwest,7626.99
43,35.7,2,female,no,northeast,19144.58
43,30.1,1,male,no,southwest,6849.03
45,35.8,0,female,no,northwest,7731.86
62,38.1,2,female,no,northeast,15230.32
37,27.7,3,female,no,northwest,7281.51
45,30.5,2,male,no,northwest,8413.46
45,28.6,2,female,no,southeast,8516.83
19,27.7,0,male,yes,southwest,16297.85
48,31.4,1,male,no,northeast,8964.06
30,28.4,1,female,no,northwest,4527.18
31,21.8,0,female,no,northwest,4134.08
35,35.9,2,female,no,southeast,5836.52
46,25.8,5,male,no,southwest,10096.97
19,28.9,0,female,yes,northwest,17748.51
56,32.1,1,male,no,northeast,11763.0
54,30.8,1,male,yes,southeast,41999.52
20,29.0,0,female,no,northwest,2257.48
47,24.1,1,female,no,southwest,26236.58
64,30.1,3,female,no,northwest,16455.71
35,36.7,1,male,yes,northeast,39774.28
50,36.2,0,male,no,southwest,8457.82
24,31.1,0,male,yes,northeast,34254.05
51,34.2,1,female,no,southwest,9872.7
20,27.3,0,male,yes,southwest,16232.85
26,46.5,1,male,no,southeast,2927.06
54,39.6,1,male,no,southwest,10450.55
40,26.3,1,male,no,northwest,6389.38
47,33.9,3,female,no,northwest,10115.01
32,28.9,0,female,no,southeast,3972.92
32,28.9,0,male,no,northwest,3866.86
24,29.9,0,female,no,northwest,2850.68
60,32.5,0,female,yes,southeast,45008.96
37,36.2,0,male,no,southeast,19214.71
52,44.7,3,female,no,southwest,11411.69
60,32.8,0,male,yes,southwest,52590.83
36,27.6,3,male,no,northeast,6746.74
38,34.8,2,female,no,southwest,6571.54
19,21.8,0,male,no,northwest,1627.28
63,26.2,0,female,no,northwest,14256.19
47,36.0,1,female,no,southwest,8556.91
18,29.2,0,female,no,northeast,7323.73
28,27.0,2,male,no,northeast,4435.09
36,19.9,0,female,no,northeast,5458.05
57,25.7,2,female,no,southeast,12629.17
51,24.8,2,male,yes,northwest,23967.38
54,25.5,1,male,no,northeast,25517.11
47,19.2,1,male,no,northeast,8627.54
63,39.8,3,male,no,southwest,15170.07
23,32.8,2,female,yes,southeast,36021.01
22,31.4,1,male,no,northwest,2643.27
46,43.9,3,male,no,southeast,8944.12
18,38.2,0,female,no,southeast,1631.67
63,31.4,0,male,no,northeast,13974.46
51,25.4,0,male,no,southwest,8782.47
30,27.7,0,female,no,southwest,3554.2
53,30.5,0,male,no,northeast,10072.06
45,27.8,2,female,no,southeast,8515.76
51,36.4,3,female,no,northwest,11436.74
56,33.7,0,male,no,northwest,10976.25
23,35.0,3,female,no,northwest,4466.62
36,31.5,0,male,no,southwest,4402.23
40,32.8,2,female,yes,northwest,40003.33
57,29.0,0,male,yes,northeast,27218.44
58,25.2,0,female,no,southwest,11837.16
27,32.4,1,female,no,northeast,18903.49
56,28.8,0,female,no,northeast,11658.38
42,23.4,0,female,yes,northeast,19964.75
43,34.4,3,female,no,southwest,8522.0
21,36.9,0,male,no,northwest,1917.32
43,26.0,0,male,no,northeast,6837.37
24,24.2,0,female,no,northwest,2842.76
54,27.6,1,female,no,northwest,11305.93
27,32.6,3,male,no,northeast,4846.92
53,36.6,3,male,no,southwest,11264.54
26,32.9,2,male,yes,southwest,36085.22
20,29.6,0,female,no,southwest,1875.34
58,29.0,0,female,no,southwest,11842.44
43,36.0,3,male,yes,southeast,42124.52
64,31.8,2,female,no,northeast,16069.08
42,31.3,0,male,no,northwest,6358.78
43,32.6,2,male,no,southwest,7441.5
41,21.8,1,male,no,southeast,6272.48
20,30.7,0,male,yes,northeast,33475.82
48,30.8,3,male,no,northeast,10141.14
28,24.3,5,male,no,southwest,5615.37
52,24.9,0,female,no,southeast,27117.99
23,17.4,1,male,no,northwest,2775.19
51,33.9,0,female,no,northeast,9866.3
47,24.3,0,female,no,northeast,8534.67
33,27.1,1,male,yes,southwest,19040.88
44,25.0,1,female,no,southwest,7623.52
34,22.4,2,male,no,northeast,27375.9
26,19.8,1,female,no,southwest,3378.91
47,29.5,1,female,no,northwest,8930.93
46,38.2,2,male,no,southeast,8347.16
46,40.4,2,male,no,northwest,8733.23
47,23.6,1,female,no,southwest,8539.67
30,35.5,0,male,yes,southeast,36950.26
62,39.9,0,male,no,southeast,12982.87
19,31.8,1,female,no,northwest,2719.28
19,34.1,0,male,no,southwest,1261.44
35,35.8,1,female,no,northwest,5630.46
48,32.3,2,female,no,northeast,10043.25
51,36.0,1,male,no,southeast,9386.16
45,33.1,0,female,no,southwest,7345.08
39,26.3,2,female,no,northwest,7201.7
40,29.8,1,female,no,southeast,6500.24
31,26.6,0,female,no,southeast,3757.84
41,37.1,2,male,no,northwest,7265.7
41,28.1,1,female,no,southeast,6770.19
31,30.9,0,male,no,northeast,3857.76
36,34.4,2,male,no,southeast,5584.31
47,26.1,1,female,yes,northeast,23401.31
24,40.2,0,male,yes,southeast,38126.25
59,32.1,3,female,no,southwest,14007.22
44,24.0,2,female,no,southeast,8211.1
20,33.0,0,female,no,southeast,1880.07
43,29.9,1,female,no,southwest,7337.75
38,30.2,3,female,no,northwest,7537.16
40,27.4,1,female,no,southwest,6496.89
18,21.7,0,female,yes,northeast,14283.46
62,26.7,0,male,yes,northeast,28101.33
55,40.8,3,female,no,southeast,12485.8
37,37.1,1,male,yes,southeast,39871.7
55,38.3,0,male,no,southeast,10226.28
32,31.5,1,female,no,northeast,5148.55
32,17.8,2,female,yes,northwest,32734.19
64,26.9,0,female,yes,northwest,29330.98
33,36.3,3,female,no,northeast,6551.75
48,36.6,0,female,no,northwest,8671.19
57,28.1,0,male,no,southwest,10965.45
49,21.3,1,female,no,southwest,9182.17
54,30.2,0,male,no,northwest,10231.5
62,31.5,1,male,no,southeast,27000.98
34,26.4,1,female,no,northwest,5385.34
39,32.5,1,female,no,southwest,6238.3
27,36.1,0,female,yes,southeast,37133.9
63,36.8,0,male,no,northeast,13981.85
42,34.1,0,male,no,southwest,5979.73
59,35.2,0,female,no,southeast,12244.53
32,33.6,1,male,yes,northeast,37607.53
35,31.0,1,female,no,southwest,5240.77
44,38.1,0,female,yes,southeast,48885.14
34,42.9,1,male,no,southwest,4536.26
45,22.9,0,male,yes,northeast,35069.37
19,17.8,0,female,no,southwest,1727.79
39,31.9,2,female,no,northwest,7209.49
32,20.5,0,female,no,northeast,4544.23
39,28.3,1,male,yes,southwest,21082.16
62,38.8,0,male,no,southeast,12981.35
27,33.7,0,male,no,southeast,2498.41
37,30.8,0,male,no,southwest,4646.76
47,27.6,2,female,yes,northwest,24535.7
27,23.1,0,male,no,southeast,2483.74
62,39.2,0,female,no,southwest,13470.86
32,28.1,4,male,yes,northwest,21472.48
32,37.2,2,male,no,southeast,4673.39
55,33.9,3,male,no,southeast,11987.17
55,21.5,1,male,no,southwest,10791.96
18,33.3,0,male,no,southeast,1135.94
21,31.0,0,male,no,southeast,16586.5
34,38.0,3,female,no,southwest,6196.45
64,33.8,1,female,yes,southwest,47928.03
27,28.5,0,male,yes,northwest,18310.74
27,24.1,0,female,no,southwest,2974.13
25,20.8,1,female,no,southwest,3208.79
35,34.8,2,male,no,northwest,5729.01
34,26.7,1,female,no,southeast,5002.78
61,36.1,3,male,no,southwest,27941.29
62,27.6,1,male,no,northwest,13937.67
18,42.2,0,female,yes,southeast,38792.69
24,28.5,2,male,no,northwest,3537.7
19,33.1,0,female,yes,southeast,34439.86
62,33.0,3,female,no,northwest,15612.19
20,28.0,1,male,yes,northwest,17560.38
19,21.7,0,female,yes,southwest,13844.51
37,30.8,0,female,yes,northeast,37270.15
39,22.8,3,female,no,northeast,7985.82
30,37.4,3,male,no,northeast,5428.73
49,30.8,1,female,no,northeast,9778.35
48,33.1,0,female,yes,southeast,40974.16
39,23.9,5,female,no,southeast,8582.3
18,31.9,0,female,no,northeast,2205.98
19,30.5,0,female,no,northwest,2128.43
29,29.0,1,male,no,northeast,4040.56
24,28.5,0,male,yes,northeast,35147.53
18,41.1,0,male,no,southeast,1146.8
32,46.5,2,male,no,southeast,4686.39
52,33.3,2,female,no,southwest,10806.84
42,36.2,1,female,no,northwest,7443.64
48,31.1,0,female,no,southeast,8280.62
27,24.8,0,female,yes,southeast,16577.78
47,29.4,1,female,no,southeast,8547.69
40,29.3,4,female,no,southwest,15828.82
18,26.1,0,male,no,northeast,1708.93
19,17.5,0,male,no,northwest,1621.34
19,34.7,2,female,yes,southwest,36397.58
50,32.3,1,male,yes,northeast,41919.1
21,34.6,0,female,no,southwest,2020.18
37,30.8,2,female,no,southeast,6313.76
53,31.4,0,male,no,southeast,27346.04
51,31.6,0,male,no,northwest,9174.14
35,27.1,1,male,no,southwest,4746.34
35,17.9,1,male,no,northwest,5116.5
49,30.3,0,male,no,southwest,8116.68
36,22.6,2,female,yes,southwest,18608.26
56,28.3,0,female,no,northeast,11657.72
53,36.9,3,female,yes,northwest,46661.44
40,41.4,1,female,no,northwest,28476.73
21,22.1,0,female,no,northeast,2585.85
42,37.9,0,female,no,southwest,6474.01
35,38.1,2,female,no,northeast,24915.05
25,30.6,0,male,no,northeast,2727.4
29,21.8,1,female,yes,northeast,16657.72
44,25.4,1,male,no,northwest,7518.03
39,24.9,3,female,yes,northeast,21659.93
42,26.1,1,male,yes,southeast,38245.59
52,46.8,5,female,no,southeast,12592.53
56,41.9,0,female,no,southeast,11093.62
35,24.1,1,male,no,northwest,5125.22
61,29.1,0,female,yes,northwest,29141.36
46,34.6,1,female,yes,southwest,41661.6
34,21.4,0,male,no,northeast,4500.34
34,27.8,1,male,yes,northwest,20009.63
36,30.9,1,male,no,northwest,5373.36
29,29.7,2,male,no,northwest,18157.88
60,24.3,1,male,no,northwest,13112.6
19,30.6,2,female,no,northwest,24059.68
32,23.7,1,female,no,southeast,17626.24
29,22.9,0,male,yes,northeast,16138.76
38,40.6,1,female,no,northwest,6373.56
31,32.7,1,female,no,northwest,4738.27
24,33.3,0,female,no,northwest,2855.44
50,28.1,3,female,no,northwest,11085.59
44,31.4,1,male,yes,northeast,39556.49
54,31.9,3,female,no,southeast,27322.73
37,29.5,2,female,no,southwest,6311.95
32,29.6,1,female,no,southeast,4562.84
24,30.1,3,female,no,southwest,4234.93
59,28.8,0,male,no,northwest,12129.61
31,29.3,1,female,no,southeast,4350.51
22,20.0,3,male,no,northeast,4005.42
49,25.6,2,male,yes,southwest,23306.55
21,27.4,0,male,no,northeast,2104.11
31,29.8,0,male,yes,southeast,19350.37
23,36.7,2,female,yes,northeast,38511.63
56,39.6,0,male,no,southwest,10601.41
19,20.3,0,male,no,southwest,1242.26
30,28.4,1,female,yes,southeast,19521.97
29,38.8,3,female,no,southeast,5138.26
59,26.4,0,male,no,southeast,11743.3
57,40.4,0,male,no,southeast,10982.5
29,27.2,0,male,no,southwest,2866.09
27,33.2,2,male,no,northwest,4058.71
56,34.4,0,male,no,southeast,10594.23
24,22.6,0,female,no,southwest,2457.5
22,21.3,3,female,no,northwest,4296.27
43,25.5,5,male,no,southeast,14478.33
41,33.0,0,female,no,northwest,6571.02
41,23.9,1,male,no,northeast,6858.48
40,41.7,0,male,no,southeast,5438.75
20,37.0,5,female,no,southwest,4830.63
47,25.5,2,male,no,northeast,9225.26
21,23.2,0,male,no,southeast,1515.34
57,23.7,0,male,no,southwest,10959.33
45,24.0,2,male,no,northeast,8604.48
41,31.6,0,female,no,southwest,6186.13
28,33.4,0,female,no,southwest,3172.02
56,26.7,1,male,yes,northwest,26109.33
41,28.8,1,male,no,southwest,6282.24
21,26.0,0,male,no,northeast,2102.26
29,35.5,2,male,yes,southwest,44585.46
19,37.4,0,female,no,northwest,2138.07
57,31.2,0,female,yes,northwest,43578.94
21,25.8,0,female,no,southwest,2007.95
49,28.7,1,male,no,southwest,8703.46
37,25.6,1,female,yes,northeast,20296.86
61,28.3,1,male,yes,northwest,28868.66
38,37.1,1,male,no,northeast,6079.67
29,22.5,3,male,no,northeast,5209.58
24,25.8,0,male,no,southwest,1972.95
26,22.2,0,female,no,northwest,3176.29
37,28.0,2,male,no,northwest,6203.9
28,23.8,2,female,no,northwest,4719.74
47,19.6,1,male,no,northwest,8428.07
18,28.3,1,male,no,northeast,11272.33
19,40.5,0,female,no,southwest,1759.34
48,28.9,0,female,no,southwest,8277.52
63,35.1,0,male,yes,southeast,47055.53
43,34.6,1,female,no,northwest,7727.25
32,30.8,3,male,no,southwest,5253.52
49,29.8,1,male,no,northeast,9288.03
62,37.4,0,male,no,southwest,12979.36
58,37.0,2,male,yes,northwest,47496.49
18,53.1,0,male,no,southeast,1163.46
27,30.3,3,male,no,southwest,4260.74
21,31.3,0,male,no,northwest,1909.53
61,33.9,0,male,no,northeast,13143.86
49,25.8,2,male,yes,northwest,23807.24
25,35.6,0,male,no,northwest,2534.39
25,29.7,3,male,yes,southwest,19933.46
57,29.8,0,female,yes,southeast,27533.91
28,25.9,1,female,no,northwest,4133.64
25,23.9,5,male,no,southwest,5080.1
44,22.1,2,male,no,northeast,8302.54
26,35.4,0,male,no,southeast,2322.62
25,26.7,4,male,no,northwest,4877.98
30,24.1,1,male,no,northwest,4032.24
26,42.4,1,female,no,southwest,3410.32
18,30.4,3,male,no,northeast,3481.87
27,31.1,1,male,yes,southeast,34806.47
24,23.2,0,female,no,southeast,25081.77
55,37.7,3,male,no,northwest,30063.58
30,32.4,1,female,no,southwest,4149.74
22,34.6,2,female,no,northeast,3925.76
25,24.3,3,female,no,southwest,4391.65
64,33.9,0,male,yes,southeast,46889.26
64,39.3,0,female,no,northeast,14901.52
39,29.6,4,male,no,southwest,7512.27
34,42.1,2,male,no,southeast,5124.19
21,32.7,2,female,no,northwest,26018.95
18,31.7,0,male,yes,northeast,33732.69
53,32.3,2,female,no,northeast,29186.48
33,42.9,3,female,no,northwest,6360.99
41,32.2,2,male,no,southwest,6875.96
22,28.3,1,male,no,northwest,2639.04
49,30.9,0,male,yes,southwest,39727.61
37,30.9,3,male,no,northwest,6796.86
18,39.1,0,male,no,northeast,12890.06
52,38.4,2,female,no,northeast,11396.9
54,32.8,0,male,no,northeast,10435.07
44,26.4,0,female,no,northwest,7419.48
23,31.4,0,female,yes,southwest,34166.27
33,29.4,4,male,no,southwest,6059.17
30,37.8,2,male,yes,southwest,39241.44
36,28.9,3,male,no,northeast,6748.59
31,31.1,0,female,no,northeast,4347.02
59,31.8,2,male,no,southeast,12928.79
53,36.1,1,male,no,southwest,10085.85
60,36.0,0,female,no,northeast,13228.85
63,41.5,0,male,no,southeast,13405.39
60,40.9,0,male,yes,southeast,48673.56
19,27.3,2,male,no,northwest,22493.66
38,27.8,2,male,no,northwest,6455.86
45,36.5,2,male,yes,northwest,42760.5
51,38.1,0,female,yes,southeast,44400.41
50,25.3,0,male,no,southeast,8442.67
27,32.7,0,male,no,southeast,2497.04
37,22.7,3,male,no,northeast,6985.51
40,19.8,1,male,yes,southeast,17179.52
47,36.6,1,female,yes,southeast,42969.85
59,26.5,0,female,no,northeast,12815.44
40,29.9,2,male,no,southwest,6600.36
36,25.9,1,female,no,southwest,5472.45
28,33.1,0,female,no,southeast,3171.61
53,31.2,1,male,no,northwest,10461.98
27,25.2,0,female,no,northeast,3558.62
29,37.3,2,male,no,southeast,4058.12
41,28.3,1,female,no,northwest,7153.55
52,34.1,0,male,no,southeast,9140.95
32,37.1,3,female,no,northeast,6334.34
57,33.6,1,male,no,northwest,11945.13
55,32.8,0,male,no,northwest,10601.63
51,21.6,1,female,no,southeast,9855.13
61,38.4,0,male,no,northwest,12950.07
49,25.8,1,male,no,northeast,9282.48
54,30.8,3,female,no,southwest,12105.32
20,33.0,1,male,no,southwest,1980.07
48,40.6,2,male,yes,northwest,45702.02
46,25.7,3,male,no,northwest,9301.89
26,29.5,1,female,no,southeast,3392.37
59,29.7,2,male,no,southeast,12925.89
38,20.0,2,female,no,northeast,7133.9
25,34.0,1,female,no,southeast,3227.12
43,30.7,2,female,no,northwest,8310.84
21,35.5,0,male,no,southeast,1532.47
19,37.0,0,male,yes,northwest,36219.41
50,31.0,3,male,no,northwest,10600.55
19,28.4,1,male,no,southwest,1842.52
18,24.1,1,female,no,southeast,2201.1
18,32.1,2,female,no,southeast,2801.26
42,30.0,0,male,yes,southwest,22144.03
43,20.0,2,female,yes,northeast,19798.05
26,40.2,0,female,no,northwest,3201.25
22,27.1,0,female,no,southwest,2154.36
62,39.2,0,female,no,southeast,13470.8
27,31.3,1,female,no,northwest,3956.07
21,20.2,3,male,no,northeast,3861.21
40,35.3,3,male,no,southwest,7196.87
38,38.4,3,male,yes,southeast,41949.24
21,29.0,0,male,no,northwest,1906.36
18,28.5,0,male,no,northeast,1712.23
31,32.8,2,female,no,northwest,5327.4
46,33.7,1,female,no,northeast,8823.99
49,35.9,0,male,no,southeast,8124.41
45,35.3,0,female,no,southwest,7348.14
44,39.5,0,male,no,northwest,6948.7
18,30.3,0,female,no,northeast,2203.74
36,26.9,0,female,no,northwest,5267.82
43,25.1,0,female,no,northeast,7325.05
59,27.7,3,female,no,southeast,14001.13
39,32.8,0,female,no,southwest,5649.72
52,47.7,1,male,no,southeast,9748.91
19,24.6,1,male,no,southwest,1837.24
51,37.1,3,female,yes,northeast,46255.11
37,34.1,4,male,yes,southwest,40182.25
44,37.0,1,female,no,northwest,8023.14
39,42.7,0,male,no,northeast,5757.41
45,28.7,2,male,no,southwest,8027.97
22,23.2,0,female,no,northeast,2731.91
52,36.8,2,male,no,northwest,26467.1
58,35.7,0,male,no,southwest,11362.76
18,31.4,4,female,no,northeast,4561.19
63,36.3,0,female,no,southeast,13887.2
55,30.1,2,female,no,southeast,11881.97
40,22.7,2,male,no,northeast,7173.36
29,20.2,2,female,no,northwest,4906.41
33,42.5,1,male,no,southeast,11326.71
18,40.3,0,female,no,northeast,2217.6
20,39.4,2,male,yes,southwest,38344.57
40,41.2,1,male,no,northeast,6610.11
50,32.2,0,male,no,northwest,8835.26
19,30.4,0,male,no,southwest,1256.3
39,21.9,1,male,no,northwest,6117.49
32,37.3,1,male,no,northeast,4667.61
55,35.2,0,female,yes,southeast,44423.8
26,32.5,1,male,no,northeast,3490.55
54,32.3,1,female,no,northeast,11512.41
58,22.8,0,female,no,southeast,11833.78
24,32.7,0,male,yes,southwest,34472.84
25,42.1,1,female,no,southeast,3238.44
59,25.5,1,male,no,northeast,12913.99
27,30.5,0,male,no,southwest,2494.02
64,25.6,2,male,no,southwest,14988.43
62,32.0,0,male,yes,northeast,45710.21
54,34.2,2,male,yes,southeast,44260.75
44,32.3,1,female,no,southeast,7633.72
28,24.3,1,female,no,northeast,23288.93
33,24.6,2,male,no,northwest,5257.51
47,29.8,3,male,no,northwest,9620.33
39,29.9,1,male,yes,northeast,22462.04
45,30.4,0,male,yes,southeast,62592.87
22,32.1,0,male,no,northwest,2055.32
24,27.7,0,female,no,southeast,2464.62
24,25.3,0,female,no,northeast,3044.21
28,30.9,0,male,no,northwest,3062.51
38,34.7,2,male,no,southwest,6082.41
30,28.7,3,male,yes,northwest,20745.99
19,39.6,1,female,no,northwest,2730.11
23,50.4,1,male,no,southeast,2438.06
60,28.9,0,male,no,southwest,12146.97
26,29.4,2,female,no,northeast,4564.19
51,35.0,2,female,yes,northeast,44641.2
40,22.2,2,female,yes,southeast,19444.27
57,27.9,1,male,no,southeast,11554.22
